TICKER,MID_PRICE,MID_YIELD,DURATION_MID,CONVEXITY_MID,BID_ASK_SPREAD,AVG_DAILY_TRADE_COUNT_60,SPREAD_ROLLING_STD,VOLUME_ROLLING_STD,YIELD_SPREAD,MARKET_REGIME,vol_regime,liquidity_score,VOLUME_ROLLING_STD_LOG,MID_YIELD_WINS,MID_YIELD_CAPPED
AAT,85.60004362323257,6.455347823082115,5.855457883256083,0.41063520182169505,0.3377238240064885,8.33325538856042,0.021197466011851643,91.7896307436117,-0.0006752214578061148,High Volatility,medium,2.4032514931399285,0.9178963074361169,0.06455347823082115,0.06455347823082115
ADC,87.77009766253049,5.552567107141005,4.049890650365854,0.1973271948567073,0.10315274390243873,5.175497459346037,0.00434208848931829,21.40266763703775,-0.00028505581916153444,Low Volatility,high,1.4925766002551317,0.21402667637037753,0.05552567107141005,0.05552567107141005
AER,92.06022245210819,5.404923000462649,5.1129980884994835,0.4289812441975998,0.16214360146967197,8.713875553769356,0.09546497973537245,140.02940756723507,-0.0003294236671466346,Normal,low,2.513019637485203,1.4002940756723508,0.05404923000462648,0.05404923000462648
AL,95.12811227244948,5.210107107609501,3.1863025700678094,0.1460920675954821,0.08786258821297424,10.778924088136435,0.04559699529081428,172.3262476959044,-0.00028611310531862194,Normal,medium,3.108564924677156,1.723262476959044,0.05210107107609501,0.05210107107609501
AMH,95.44684355396407,5.287988753464672,4.9318068621137305,0.3214536789290569,0.15699871323537404,6.395246029526774,0.057678628951059664,70.67446812956807,-0.00032249966700282777,Normal,low,1.8443433991661808,0.7067446812956807,0.05287988753464672,0.05287988753464672
AMT,93.86661812665423,5.166935349509893,4.644241330056347,0.3777088322202812,0.1247428241336488,10.85175948127504,0.08108402463686666,194.33378235001,-0.0002744048218834492,Normal,medium,3.1295701332243557,1.9433378235001002,0.05166935349509893,0.05166935349509893
ARE,87.0942780820965,5.340271024600313,7.805766208526622,0.8724655268314537,0.22370575864316247,7.61312202350624,0.0844556638181188,122.1444885631575,-0.00032201509976468,Normal,high,2.19557016043985,1.221444885631575,0.053402710246003134,0.053402710246003134
AVB,97.64540089705915,5.05479149597173,4.474554373889259,0.32345804983671644,0.11206800449438191,5.639308344572315,0.07804144907479858,25.321294572836724,-0.00022664885826781587,Low Volatility,low,1.6263363556545356,0.2532129457283672,0.0505479149597173,0.0505479149597173
AVOL,99.024625601621,5.832915614046722,4.050122052493027,0.1989417289313947,0.1756345885641562,5.815132952892608,0.009431746351738029,18.351213407224343,-0.00043154957735002086,Normal,low,1.677042920229113,0.18351213407224343,0.058329156140467214,0.058329156140467214
AYR,97.86125335885488,5.37697336342716,1.8277704813791693,0.04395524744425913,0.05382730882709333,16.708777399592467,0.0016299586738203154,9.69033399049346,-0.00029396455658946735,Low Volatility,medium,4.8186923791195815,0.0969033399049346,0.0537697336342716,0.0537697336342716
BPR,91.51112938211112,7.857117619764618,2.606693518099415,0.08315048212327486,0.2311830409356723,5.117517543859649,0.006939116790949447,21.499469339494024,-0.0009663087696783164,High Volatility,low,1.4758556056416618,0.21499469339494023,0.07857117619764618,0.07857117619764618
BRX,94.48658896551945,5.220609800360158,4.877721831844553,0.2843587972900245,0.1533707160339657,6.563810689513616,0.011600479903522974,42.898229032203496,-0.0003279128367288365,Normal,medium,1.8929562463567413,0.42898229032203494,0.052206098003601584,0.052206098003601584
BXP,93.35855640508244,5.677862464684949,4.475082805625234,0.2917887942736456,0.18973973173740177,13.38293901743924,0.10757754441026478,186.0367907833546,-0.0004294158501260657,Low Volatility,medium,3.859544280907678,1.860367907833546,0.0567786246468495,0.0567786246468495
CBG,101.2191289539447,5.287099687821672,4.394248129687729,0.3185694601047004,0.15509625498007973,11.172856998673227,0.11781767644184866,104.38628850957348,-0.00030230706191867356,Low Volatility,medium,3.222172369943279,1.0438628850957348,0.05287099687821672,0.05287099687821672
COLD,97.53325867807965,5.742471065901768,7.366868374720354,0.6733899646373451,0.30534300884955734,6.310510434994691,0.008649370595670967,18.003891682416576,-0.0004193961040176492,Normal,medium,1.8199062573067246,0.18003891682416576,0.05742471065901768,0.05742471065901768
COUSIPR,99.58394465277777,5.447307795777777,5.875124431666666,0.4125855205777778,0.19923333333333595,26.055555555555557,0.0834524417037382,156.18465469582463,-0.00034078484666662224,Low Volatility,low,7.514236618673533,1.5618465469582463,0.054473077957777775,0.054473077957777775
CPT,93.77651484101524,4.984099137778895,5.686838743251537,0.4165651079954056,0.13967523201169096,6.449957374149572,0.05451995238955616,58.85974704526951,-0.00024531890414482326,Normal,medium,1.8601217612258545,0.5885974704526951,0.04984099137778895,0.04984099137778895
CTAS,97.27605966889534,4.657814833789875,2.9825563657101246,0.12452398944616512,0.044969264764965884,8.484220101783448,0.008544038785254265,40.712889839366014,-0.00015281120786254528,Normal,medium,2.446788641054863,0.4071288983936601,0.046578148337898743,0.046578148337898743
CUZ,100.66158940768656,5.692933867915421,7.01040071528607,0.6142773290355722,0.28200012437810945,9.954943511671642,0.024982282049914446,110.25809456122107,-0.00039328381363179087,Normal,medium,2.870934795949108,1.1025809456122106,0.056929338679154215,0.056929338679154215
CWK,103.59823672740471,7.586658887806302,4.689112906751696,0.2900140093586403,0.5131952171520983,5.462082462891699,0.1094813123665006,16.9646521192054,-0.0010067596819570697,High Volatility,high,1.575225673824639,0.169646521192054,0.07586658887806302,0.07586658887806302
DHC,81.29041430076006,10.418107557079423,3.5342315360957897,0.1605966579536459,0.6168253723110866,13.2701013053861,0.03397307347420545,65.16693916448976,-0.002193052220393404,High Volatility,medium,3.8270026885371307,0.6516693916448977,0.10418107557079424,0.10418107557079424
DOC,93.58296291585123,5.2461643129969,3.3681418640102607,0.17511557348429885,0.08450307823856346,6.375392047883711,0.03620265190026425,25.651542385619365,-0.0002425931641748126,Low Volatility,high,1.8386176522877202,0.25651542385619364,0.052461643129968996,0.052461643129968996
ENTERP,97.52812386940971,5.5140061019962054,7.9381814809165405,0.7793511481110774,0.2253127465857357,5.6919544764795145,0.0032804296862385877,14.398019718343777,-0.00028970086028826613,Normal,high,1.6415191250783194,0.14398019718343777,0.05514006101996205,0.05514006101996205
EPR,93.19656092932568,5.964644235449114,3.7568935428944155,0.19198556477975545,0.18576518731303135,10.001064184480487,0.07711063305819228,130.0615426169916,-0.0005178258068999733,Low Volatility,medium,2.884235669452233,1.300615426169916,0.05964644235449114,0.05964644235449114
EPRT,79.22610921132278,6.566885394990958,6.298455677910488,0.4597294629336347,0.3422583182640146,5.984755877034359,0.002648067518327438,9.650268311439657,-0.0006826930433634241,High Volatility,high,1.7259609632635347,0.09650268311439657,0.06566885394990958,0.06566885394990958
EQR,92.5840078961435,4.882054946645146,4.619154108215625,0.2698071231124161,0.09111600328930909,6.493508754990461,0.022536350614297655,49.69052832173843,-0.00020765371538317384,Normal,medium,1.8726816692274562,0.49690528321738425,0.048820549466451466,0.048820549466451466
ESS,101.15636117583503,5.342387393354142,7.287354100173978,0.6572931225649045,0.2609473190851146,5.512853893262842,0.00402902595227918,6.91668924898661,-0.0003492193341469308,Low Volatility,medium,1.5898677926796305,0.0691668924898661,0.053423873933541415,0.053423873933541415
EXR,99.09417505795889,5.215507051464666,4.594282722783929,0.2853054498009843,0.1440188706983963,12.038555496158404,0.07021343471512757,183.4814561807834,-0.0002980682216046957,Normal,medium,3.471833649921121,1.834814561807834,0.05215507051464666,0.05215507051464666
FTAI,99.9887873366378,6.36721764758356,4.3611225189085285,0.25071096097908885,0.2970575472820267,6.32921119525348,0.09291218138470506,35.49798314088319,-0.000656039132782156,Normal,medium,1.8252994233527913,0.35497983140883194,0.0636721764758356,0.0636721764758356
GMGAU,98.09375850880339,5.37469961387966,7.56480750499322,0.7019815835955933,0.23831728813559314,5.625694557555932,0.011128037070901703,27.366954474412246,-0.00031899352077960813,Normal,medium,1.6224102364551498,0.2736695447441225,0.0537469961387966,0.0537469961387966
HHH,97.40905591,6.1512039368999964,3.3003021324,0.13219912724,0.20133999999999896,6.0,0.0834524417037382,156.18465469582463,-0.00061831994999994,Normal,medium,1.7303572597371888,1.5618465469582463,0.06151203936899996,0.06151203936899996
HIW,102.9742773530799,6.1445876185376935,5.721015836101884,0.4363663716000137,0.3622426249658563,10.356307702816718,0.11049255178815251,134.51488176810972,-0.0005845263347527522,High Volatility,high,2.986685369606846,1.3451488176810973,0.06144587618537693,0.06144587618537693
HOUS,79.28566054145098,11.879120387220024,4.159333835268003,0.2183816619630154,0.9855028120843625,6.499834726710336,0.249513262843493,62.91752227253051,-0.003214929023353552,High Volatility,high,1.874506034409186,0.6291752227253051,0.11879120387220024,0.11879120387220024
HPP,82.9666215259472,9.28089241664202,3.7061485740495543,0.1714620853724005,0.5041784015438495,11.700668085749786,0.12023354853272386,174.73086643049444,-0.0016532118250376982,High Volatility,medium,3.3743893276587293,1.7473086643049445,0.0928089241664202,0.0928089241664202
HRI,99.03008802301756,6.03195859692305,2.9342033549553124,0.10771774582732786,0.15693787049703606,5.734130946955768,0.003419725826015268,5.215907882476928,-0.0005319757843159546,Normal,medium,1.6536825187247657,0.05215907882476928,0.060319585969230496,0.060319585969230496
HST,93.49245232644031,5.4672122341026865,4.4622412442694035,0.2855952165978309,0.15714202834789825,5.632387520362268,0.06474440830475064,33.86243586058741,-0.00035728627943396745,Normal,medium,1.624340439251999,0.33862435860587414,0.05467212234102686,0.05467212234102686
HTZ,78.11259218318487,13.384374514105781,3.2051059624429823,0.1420571905861722,0.9376952206277914,9.742580249571152,0.23220335595958522,88.29370766105862,-0.004124354653117872,High Volatility,medium,2.8096907439029324,0.8829370766105862,0.13384374514105782,0.13384374514105782
INVH,90.04557088637507,5.121564895631031,4.524795016055793,0.2605549602332112,0.11554371818366929,6.212090929371615,0.01899176881388836,41.442493341863376,-0.0002753993301282343,Low Volatility,medium,1.7915227729642855,0.4144249334186338,0.05121564895631031,0.05121564895631031
IRSAAR,100.18229847745,8.689577345175,3.5131288063999997,0.15417755945999997,0.5105899999999999,5.0954999999999995,0.0834524417037382,156.18465469582463,-0.00143454486949995,High Volatility,medium,1.4695059028318074,1.5618465469582463,0.08689577345175,0.08689577345175
JLL,105.93197944323096,5.331789035267673,3.7419986043523523,0.17199023885371675,0.13936444646510565,20.20733303023687,0.00243032368002905,10.843349538246759,-0.0003441448043395733,Normal,medium,5.827650901466242,0.10843349538246759,0.05331789035267673,0.05331789035267673
KIM,96.84133197958744,5.280797271998803,5.083024583790055,0.39118481171042346,0.15873110302919474,5.877994767555102,0.08075079054723192,50.67785918079536,-0.00029409196844355215,Normal,medium,1.6951718197893633,0.5067785918079536,0.05280797271998803,0.05280797271998803
KRC,96.14050402566872,5.913817342752681,4.338174424946083,0.31627559091370505,0.23471664496111622,10.140305860464807,0.17689841827553174,165.93099628181315,-0.0004987479445469268,Normal,medium,2.92439197693514,1.6593099628181316,0.05913817342752681,0.05913817342752681
KRG,97.03846563393908,5.572368050179721,3.3301554531557875,0.20540445232254134,0.1386253698868579,5.2973153466936465,0.007093634624706966,15.13460097958778,-0.00040476025435155956,Normal,medium,1.527708011211429,0.1513460097958778,0.055723680501797206,0.055723680501797206
KW,84.14923814657062,8.426226081407085,4.677591438902613,0.26855712509227236,0.5100957719713383,6.930284349432542,0.061471975878698605,73.83201401336312,-0.0012896835710727937,High Volatility,high,1.9986446393472697,0.7383201401336312,0.08426226081407086,0.08426226081407086
LADR,91.81467902168224,6.871044664166368,3.790038386445441,0.18064978260155995,0.2633461321723872,5.47746559083581,0.048317465510024166,13.257038829897288,-0.000746991913030176,High Volatility,high,1.579662058343899,0.13257038829897289,0.06871044664166367,0.06871044664166367
MAA,97.5775399702038,4.984205596923159,4.686935702632726,0.3259226579753945,0.11221717649939286,5.816750885699684,0.052414952602506004,38.38157914553227,-0.00024398102410531583,Normal,medium,1.6775095205255284,0.38381579145532274,0.049842055969231594,0.049842055969231594
MGMGPO,95.21640450731697,6.542212730118608,2.3477028346789366,0.06911307183768917,0.15689999999999982,6.20622699386503,0.0035745928072673924,17.660541678350032,-0.0006906180462167245,Low Volatility,high,1.7898316557352107,0.1766054167835003,0.06542212730118609,0.06542212730118609
MIDAAPA,98.83494008918183,5.336022576590908,7.918480345545455,0.7613517510272728,0.18115454545454535,21.196969697,0.0834524417037382,156.18465469582466,-0.0002395698445454,Low Volatility,low,6.113055066605525,1.5618465469582465,0.05336022576590908,0.05336022576590908
NFLX,102.34274500161399,4.820350458136728,3.896981433745277,0.26696756179149994,0.07676702805120782,34.67492025844013,0.04202262643835877,279.14171044217875,-0.00018037431565070554,Normal,medium,10.0,2.7914171044217877,0.04820350458136728,0.04820350458136728
NHI,83.05723181106475,6.168779610304021,5.72906351125017,0.38126117923406044,0.28485916837127934,9.783934333103613,0.0031935897418552436,6.9693933194681605,-0.0005944162944693882,Normal,medium,2.821616967012961,0.0696939331946816,0.06168779610304021,0.06168779610304021
NMRK,101.86798200470665,7.028669945353955,3.900956515261784,0.1882078682050505,0.31501237373821545,6.515592592592593,0.00277139860480929,10.46036648960568,-0.000780422003914094,High Volatility,high,1.8790504906804073,0.1046036648960568,0.07028669945353955,0.07028669945353955
NNN,100.79891567928766,5.19752897470628,5.385231776339115,0.46792983991809417,0.18572776588151316,5.487411372853676,0.052350026305727826,16.917725480601604,-0.0003418245458457768,Normal,medium,1.582530351030295,0.16917725480601603,0.0519752897470628,0.0519752897470628
O,96.0853046432732,5.050495904045447,4.100725681900935,0.26201607814221345,0.1023790369884713,9.5597483368838,0.07196852603877199,158.64261236433123,-0.0002421260510647117,Low Volatility,medium,2.7569633226645665,1.5864261236433121,0.05050495904045447,0.05050495904045447
OHI,92.38384878445615,5.658270652841094,4.094538048760243,0.2449129886287846,0.16638665694782462,10.064766720378001,0.09276075257380782,160.76791948707597,-0.00042090319616890646,Normal,medium,2.9026070270278885,1.6076791948707596,0.05658270652841094,0.05658270652841094
OPI,52.14681277222205,15.0,3.008749895853467,0.1475665047824603,1.4381928833233049,11.263597612504963,0.13001077431325536,192.10043117188883,-0.011079569172518277,High Volatility,low,3.248341316592738,1.9210043117188882,0.2645714068966746,0.15
PDM,88.64583126287022,6.94948113741531,5.007420112179793,0.31709992680397053,0.35557382657112896,19.326190111136256,0.04998078261405783,281.0662618742152,-0.000826455724400762,High Volatility,medium,5.5735355603109475,2.810662618742152,0.0694948113741531,0.0694948113741531
PEAK,95.87963441845991,5.279032699304626,4.710831189059551,0.32836057172943656,0.15606875858909752,5.81478332569858,0.10230044258502168,36.4564058037104,-0.00030483609943192505,Low Volatility,high,1.6769420902368821,0.364564058037104,0.052790326993046255,0.052790326993046255
PECO,95.02339016333333,5.599550633525925,7.7361901661333325,0.7366270349007408,0.26268888888888864,5.164213371740741,0.017018408614633627,46.64871489297137,-0.00035374435244439406,Low Volatility,medium,1.4893223497705759,0.4664871489297137,0.055995506335259244,0.055995506335259244
PLD,92.95037555323192,4.982440308251887,6.895237480253636,0.8159383203897198,0.15487042141459217,9.248755644162074,0.11369749488646606,151.35128256486067,-0.00022067204551217765,Normal,low,2.667275245401857,1.5135128256486068,0.04982440308251887,0.04982440308251887
PSA,93.59003050644908,4.856991621192497,5.404041551752129,0.5520754217439489,0.11532866596892288,9.89269301388095,0.11559754000216164,183.24767702334242,-0.00019932056319999655,Normal,medium,2.852982195820045,1.8324767702334241,0.04856991621192497,0.04856991621192497
REG,98.22651656939694,5.48555207589035,7.446103905967836,0.6852261854198831,0.25369619883187144,5.499492690058479,0.0035518534139320885,14.99348325937873,-0.0003429942244151523,Normal,low,1.5860145168523816,0.1499348325937873,0.0548555207589035,0.0548555207589035
RHP,97.76176902211024,6.082235800019946,4.1707717738929,0.23718808586490975,0.24007688197589636,8.677013535980528,0.1082462771807516,92.22188137352965,-0.0005483312274352395,Normal,high,2.5023888941369603,0.9222188137352966,0.06082235800019946,0.06082235800019946
RITM,98.90124133088439,8.276801808032392,3.7544344555462135,0.17593253582700835,0.4622779441402249,7.542211728572128,0.00345578332125093,7.133114546183964,-0.0012266831934782119,High Volatility,medium,2.1751201365016253,0.07133114546183963,0.08276801808032391,0.08276801808032391
ROADKG,12.213310816421052,15.0,1.235906961631579,0.03752254925631579,0.5771947368421056,5.064368421052632,0.0577441081057591,106.62736522539447,-0.02707292994473681,High Volatility,medium,1.4605277772253642,1.0662736522539447,0.6446349937907895,0.15
ROIC,104.46463768418491,5.657221972779585,3.972317824210059,0.1930882787967456,0.20922307692603534,5.362263313609467,0.005295546059372306,23.379121341672533,-0.0004970444409762882,Low Volatility,low,1.5464385422210891,0.23379121341672532,0.056572219727795844,0.056572219727795844
SBAC,92.67600955732851,5.692502075353357,3.2786169152447244,0.13676879690172794,0.13401004084422483,21.568263633613345,0.03932762369406303,137.6267876486025,-0.0004355417905456742,Low Volatility,medium,6.220133593058074,1.3762678764860248,0.05692502075353357,0.05692502075353357
SBRA,92.61597015031775,5.712812254575169,3.805167610651129,0.22642646553019172,0.15803339679621842,6.520021839984769,0.09237198699437905,66.75203904890733,-0.00042260990818928995,Normal,low,1.8803278540771111,0.6675203904890733,0.0571281225457517,0.0571281225457517
SKT,91.9357154775156,5.558649184503057,3.177947901825688,0.15937053864476453,0.09918097859327236,5.4164470948091745,0.04335752391176219,25.749229436968157,-0.00033961895749842026,Normal,medium,1.5620647587475767,0.2574922943696816,0.05558649184503057,0.05558649184503057
SPG,92.7327548846636,5.053889211128205,5.691237881698849,0.6470863981742259,0.14976962342167643,11.024869796766959,0.14305182746944642,197.7524879738137,-0.00024753471173389745,Normal,medium,3.179493915082162,1.9775248797381368,0.050538892111282055,0.050538892111282055
STOR,93.64666252050715,6.265527708814285,3.58663831535,0.15576741154785714,0.21208642857142881,5.213542857142857,0.014458017022840127,46.53756572200829,-0.0006210875641428071,Low Volatility,high,1.5035486219680179,0.4653756572200829,0.06265527708814285,0.06265527708814285
SUI,95.61215597036126,5.52037117853559,5.1648112590565125,0.33915514543473657,0.2016856359232044,6.700560998425565,0.05553750733520922,49.30675371410327,-0.000397883159899172,Normal,medium,1.9323940613229236,0.49306753714103274,0.0552037117853559,0.0552037117853559
SVC,90.99827611124566,8.469557203207385,3.296776189796347,0.15909084612708768,0.4273650718198305,8.77122165621763,0.2590176320119143,148.63140019314315,-0.0013336487530967258,High Volatility,medium,2.529557844933371,1.4863140019314314,0.08469557203207385,0.08469557203207385
UDR,90.40516383180554,5.18093242432909,5.678112445997041,0.3867826145884602,0.1460754408803408,7.511588708721032,0.0221971998382261,72.50974822931818,-0.0002830477714462756,Low Volatility,high,2.166288675715889,0.7250974822931818,0.051809324243290905,0.051809324243290905
UNIT,93.39078649233437,10.665491277749288,3.243737872545688,0.13583616335001353,0.7270403952887508,9.312349262218763,0.23422043260927253,116.73828817891867,-0.0024424176747258213,High Volatility,medium,2.6856151918480817,1.1673828817891867,0.10665491277749288,0.10665491277749288
URI,96.00584522699435,5.718834631495835,4.618627132687812,0.27919297072926974,0.20747560563783676,14.00637917341085,0.07980768830867986,197.96472662054092,-0.000453438723990007,Normal,medium,4.039339980890538,1.9796472662054092,0.05718834631495835,0.05718834631495835
VNO,86.73289806289829,6.594148245720229,3.840015408714043,0.22333785490822794,0.24344758769440358,12.953235592387104,0.15130183129114147,165.19972969864122,-0.0006882632356805048,High Volatility,medium,3.735620874062195,1.6519972969864123,0.06594148245720229,0.06594148245720229
WPC,96.33747264879126,5.183407414905269,3.275940518252982,0.15071671832842998,0.08916045769736473,8.469547295408876,0.03650851604262045,100.6282130232785,-0.000265336950382752,Normal,medium,2.44255710821637,1.0062821302327851,0.051834074149052695,0.051834074149052695
